GEOID,DAC_NAME,DAC_NAMELSAD,Pop16,HH16,MHI16,DAC16,Area_sqmi,FID_GSA_in,Basin_Numb,Basin_Subb,Basin_Name,GSA_Name,Area_sqm_1,Area_sqm_i,PercArea
649488,Moss Landing,Moss Landing CDP,118,62,0,Data Not Available,0.603053714,95,3-004,3-004.01,SALINAS VALLEY,Salinas Valley Basin GSA - 180/400 Foot Aquifer,138.9338197,0.478538092,0.793524824
607578,Boronda,Boronda CDP,1381,410,33712,Y,0.550454922,95,3-004,3-004.01,SALINAS VALLEY,Salinas Valley Basin GSA - 180/400 Foot Aquifer,138.9338197,0.550454922,1
611978,Castroville,Castroville CDP,6978,1512,50949,Y,1.021726452,95,3-004,3-004.01,SALINAS VALLEY,Salinas Valley Basin GSA - 180/400 Foot Aquifer,138.9338197,1.021726452,1
617232,Creston,Creston CDP,68,34,0,Data Not Available,0.568631691,80,3-004,3-004.06,SALINAS VALLEY,County of San Luis Obispo GSA - Paso Robles Area,445.9656358,0.568631691,1
668266,San Miguel,San Miguel CDP,2696,726,49464,Y,1.679048917,81,3-004,3-004.06,SALINAS VALLEY,San Miguel Community Services District GSA,2.982242189,1.612576245,0.960410521
617727,Cuyama,Cuyama CDP,80,22,26346,Y,0.457796225,74,3-013,3-013,CUYAMA VALLEY,Cuyama Basin GSA,377.6290163,0.457796225,1
651028,New Cuyama,New Cuyama CDP,551,190,45417,Y,0.705579124,74,3-013,3-013,CUYAMA VALLEY,Cuyama Basin GSA,377.6290163,0.705579124,1
657372,Piru,Piru CDP,1950,585,48068,Y,2.835157686,4,4-004,4-004.06,SANTA CLARA RIVER VALLEY,Fillmore and Piru Basins GSA - Piru,17.01010079,2.627283635,0.926679898
678232,Terminous,Terminous CDP,378,196,44808,Y,0.977352499,14,5-022,5-022.01,SAN JOAQUIN VALLEY,Central Delta Water Agency GSA,81.59719761,0.977352499,1
623630,Farmington,Farmington CDP,97,42,0,Data Not Available,2.54204517,5,5-022,5-022.01,SAN JOAQUIN VALLEY,Central San Joaquin Water Conservation District GSA,114.3589724,2.128535305,0.837331819
675000,Stockton,Stockton city,301443,93487,46033,Y,64.74975824,8,5-022,5-022.01,SAN JOAQUIN VALLEY,City of Stockton GSA,61.46108107,60.25812491,0.930630887
623630,Farmington,Farmington CDP,97,42,0,Data Not Available,2.54204517,19,5-022,5-022.01,SAN JOAQUIN VALLEY,County of San Joaquin GSA - Eastern San Joaquin 1,79.29532397,0.413509865,0.162668181
678568,Thornton,Thornton CDP,968,296,34531,Y,2.183632008,19,5-022,5-022.01,SAN JOAQUIN VALLEY,County of San Joaquin GSA - Eastern San Joaquin 1,79.29532397,2.174190879,0.99567641
638065,Kennedy,Kennedy CDP,3641,891,37674,Y,1.210985442,20,5-022,5-022.01,SAN JOAQUIN VALLEY,County of San Joaquin GSA - Eastern San Joaquin 2,10.70554262,1.026643164,0.847774984
677595,Taft Mosswood,Taft Mosswood CDP,936,309,31563,Y,0.485795962,20,5-022,5-022.01,SAN JOAQUIN VALLEY,County of San Joaquin GSA - Eastern San Joaquin 2,10.70554262,0.45237643,0.931206649
628182,Garden Acres,Garden Acres CDP,11209,2933,40196,Y,2.584464979,20,5-022,5-022.01,SAN JOAQUIN VALLEY,County of San Joaquin GSA - Eastern San Joaquin 2,10.70554262,2.472831913,0.956806122
616651,Country Club,Country Club CDP,9597,3618,43964,Y,2.086297995,20,5-022,5-022.01,SAN JOAQUIN VALLEY,County of San Joaquin GSA - Eastern San Joaquin 2,10.70554262,2.023952512,0.970116693
603209,August,August CDP,7781,2078,31194,Y,1.248935773,20,5-022,5-022.01,SAN JOAQUIN VALLEY,County of San Joaquin GSA - Eastern San Joaquin 2,10.70554262,1.237399988,0.990763508
642104,Lockeford,Lockeford CDP,3281,1197,49893,Y,8.387296612,9,5-022,5-022.01,SAN JOAQUIN VALLEY,Lockeford Community Service District GSA,1.230048605,1.226577299,0.14624227
682562,Victor,Victor CDP,579,171,0,Data Not Available,1.255187057,11,5-022,5-022.01,SAN JOAQUIN VALLEY,North San Joaquin Water Conservation District GSA,232.9419552,1.255187057,1
642104,Lockeford,Lockeford CDP,3281,1197,49893,Y,8.387296612,11,5-022,5-022.01,SAN JOAQUIN VALLEY,North San Joaquin Water Conservation District GSA,232.9419552,7.155539776,0.853140184
614708,Collierville,Collierville CDP,2318,664,49841,Y,6.604776117,11,5-022,5-022.01,SAN JOAQUIN VALLEY,North San Joaquin Water Conservation District GSA,232.9419552,6.604776117,1
681792,Valley Home,Valley Home CDP,266,69,49375,Y,1.14959682,16,5-022,5-022.01,SAN JOAQUIN VALLEY,Oakdale Irrigation District GSA,49.14287624,1.14265867,0.993964711
638065,Kennedy,Kennedy CDP,3641,891,37674,Y,1.210985442,13,5-022,5-022.01,SAN JOAQUIN VALLEY,Stockton East Water District GSA,157.2094087,0.152649124,0.126053641
626028,French Camp,French Camp CDP,3810,527,32383,Y,3.14284773,13,5-022,5-022.01,SAN JOAQUIN VALLEY,Stockton East Water District GSA,157.2094087,3.031500122,0.96457111
680882,Tuttle,Tuttle CDP,69,34,0,Data Not Available,1.758854338,59,5-022,5-022.04,SAN JOAQUIN VALLEY,Merced Irrigation-Urban GSA,254.2324565,1.758854338,1
641040,Le Grand,Le Grand CDP,1721,483,41776,Y,1.140234088,59,5-022,5-022.04,SAN JOAQUIN VALLEY,Merced Irrigation-Urban GSA,254.2324565,1.015556862,0.890656465
625488,Franklin,Franklin CDP,7586,2096,43741,Y,2.017987744,59,5-022,5-022.04,SAN JOAQUIN VALLEY,Merced Irrigation-Urban GSA,254.2324565,1.921040652,0.951958533
646898,Merced,Merced city,81461,25443,39307,Y,23.22636473,59,5-022,5-022.04,SAN JOAQUIN VALLEY,Merced Irrigation-Urban GSA,254.2324565,23.06305916,0.992968957
622286,El Nido,El Nido CDP,478,142,31957,Y,3.291765882,59,5-022,5-022.04,SAN JOAQUIN VALLEY,Merced Irrigation-Urban GSA,254.2324565,3.29058041,0.999639867
603162,Atwater,Atwater city,28906,8923,45800,Y,6.118755574,59,5-022,5-022.04,SAN JOAQUIN VALLEY,Merced Irrigation-Urban GSA,254.2324565,6.118755574,1
604632,Bear Creek,Bear Creek CDP,112,75,33042,Y,0.057301547,59,5-022,5-022.04,SAN JOAQUIN VALLEY,Merced Irrigation-Urban GSA,254.2324565,0.057301547,1
657582,Planada,Planada CDP,4499,1197,39075,Y,1.577107477,59,5-022,5-022.04,SAN JOAQUIN VALLEY,Merced Irrigation-Urban GSA,254.2324565,1.577107477,1
686076,Winton,Winton CDP,11309,2883,41486,Y,3.040873553,59,5-022,5-022.04,SAN JOAQUIN VALLEY,Merced Irrigation-Urban GSA,254.2324565,3.040873553,1
674144,Stevinson,Stevinson CDP,243,75,0,Data Not Available,1.130267006,58,5-022,5-022.04,SAN JOAQUIN VALLEY,Merced Subbasin GSA,527.1173128,1.130267006,1
681312,University of California-Merced,University of California-Merced CDP,0,0,0,Data Not Available,0.660498028,58,5-022,5-022.04,SAN JOAQUIN VALLEY,Merced Subbasin GSA,527.1173128,0.660498028,1
641040,Le Grand,Le Grand CDP,1721,483,41776,Y,1.140234088,58,5-022,5-022.04,SAN JOAQUIN VALLEY,Merced Subbasin GSA,527.1173128,0.124677226,0.109343535
623210,Fairmead,Fairmead CDP,1986,353,31773,Y,7.735731365,2,5-022,5-022.05,SAN JOAQUIN VALLEY,Chowchilla Water District GSA,133.1675543,2.769142992,0.357967833
613294,Chowchilla,Chowchilla city,18195,3704,35903,Y,11.13649673,2,5-022,5-022.05,SAN JOAQUIN VALLEY,Chowchilla Water District GSA,133.1675543,9.503831761,0.853395101
645022,Madera,Madera city,63398,17007,40034,Y,15.78920939,66,5-022,5-022.06,SAN JOAQUIN VALLEY,City of Madera GSA,15.79074724,15.53781458,0.984078062
613294,Chowchilla,Chowchilla city,18195,3704,35903,Y,11.13649673,68,5-022,5-022.06,SAN JOAQUIN VALLEY,County of Madera GSA - Madera,276.7823451,1.632664974,0.146604899
655751,Parksdale,Parksdale CDP,3022,624,32097,Y,1.812058825,68,5-022,5-022.06,SAN JOAQUIN VALLEY,County of Madera GSA - Madera,276.7823451,0.574532567,0.31706066
623210,Fairmead,Fairmead CDP,1986,353,31773,Y,7.735731365,68,5-022,5-022.06,SAN JOAQUIN VALLEY,County of Madera GSA - Madera,276.7823451,2.857958522,0.369449039
640872,La Vina,La Vina CDP,291,50,0,Data Not Available,0.100721793,62,5-022,5-022.06,SAN JOAQUIN VALLEY,Madera Irrigation District GSA,209.1040019,0.100721793,1
623210,Fairmead,Fairmead CDP,1986,353,31773,Y,7.735731365,62,5-022,5-022.06,SAN JOAQUIN VALLEY,Madera Irrigation District GSA,209.1040019,2.101374454,0.271645221
655751,Parksdale,Parksdale CDP,3022,624,32097,Y,1.812058825,62,5-022,5-022.06,SAN JOAQUIN VALLEY,Madera Irrigation District GSA,209.1040019,1.234550111,0.681296928
655842,Parkwood,Parkwood CDP,2227,605,36827,Y,0.697583385,62,5-022,5-022.06,SAN JOAQUIN VALLEY,Madera Irrigation District GSA,209.1040019,0.692052718,0.992071677
670028,Santa Nella,Santa Nella CDP,1965,606,27778,Y,4.560167916,52,5-022,5-022.07,SAN JOAQUIN VALLEY,Central Delta-Mendota GSA,255.8485776,2.523331263,0.553341743
680266,Tranquillity,Tranquillity CDP,724,238,30441,Y,0.617432804,52,5-022,5-022.07,SAN JOAQUIN VALLEY,Central Delta-Mendota GSA,255.8485776,0.617432804,1
619612,Dos Palos,Dos Palos city,5103,1427,36509,Y,1.349185852,35,5-022,5-022.07,SAN JOAQUIN VALLEY,City of Dos Palos GSA,1.202281088,1.184451815,0.877901154
624134,Firebaugh,Firebaugh city,8176,2150,36181,Y,3.572252638,37,5-022,5-022.07,SAN JOAQUIN VALLEY,City of Firebaugh GSA,2.916415689,2.734603468,0.765512338
631568,Gustine,Gustine city,5684,1960,37770,Y,1.550972762,38,5-022,5-022.07,SAN JOAQUIN VALLEY,City of Gustine GSA,1.400600779,1.353719884,0.872819896
644028,Los Banos,Los Banos city,37012,10698,45751,Y,10.11708977,36,5-022,5-022.07,SAN JOAQUIN VALLEY,City of Los Banos GSA,9.028365223,8.750946768,0.8649668
646828,Mendota,Mendota city,11394,2827,26094,Y,3.298867936,49,5-022,5-022.07,SAN JOAQUIN VALLEY,City of Mendota GSA,3.273290209,3.128501896,0.948356211
672954,South Dos Palos,South Dos Palos CDP,2568,605,41992,Y,1.534711435,54,5-022,5-022.07,SAN JOAQUIN VALLEY,County of Merced GSA - Delta-Mendota,73.49371382,0.950991296,0.619654793
670028,Santa Nella,Santa Nella CDP,1965,606,27778,Y,4.560167916,41,5-022,5-022.07,SAN JOAQUIN VALLEY,DM-II GSA,87.15590837,0.768893554,0.168610798
617428,Crows Landing,Crows Landing CDP,255,116,26786,Y,3.175311228,41,5-022,5-022.07,SAN JOAQUIN VALLEY,DM-II GSA,87.15590837,2.42715171,0.764382303
630882,Grayson,Grayson CDP,990,271,29787,Y,0.222960126,53,5-022,5-022.07,SAN JOAQUIN VALLEY,Northwestern Delta-Mendota GSA,75.34500465,0.033245722,0.149110619
619612,Dos Palos,Dos Palos city,5103,1427,36509,Y,1.349185852,39,5-022,5-022.07,SAN JOAQUIN VALLEY,San Joaquin River Exchange Contractors Water Authority GSA,399.1274938,0.139581295,0.103455943
617428,Crows Landing,Crows Landing CDP,255,116,26786,Y,3.175311228,39,5-022,5-022.07,SAN JOAQUIN VALLEY,San Joaquin River Exchange Contractors Water Authority GSA,399.1274938,0.569917776,0.179484068
624134,Firebaugh,Firebaugh city,8176,2150,36181,Y,3.572252638,39,5-022,5-022.07,SAN JOAQUIN VALLEY,San Joaquin River Exchange Contractors Water Authority GSA,399.1274938,0.787944625,0.2205736
670028,Santa Nella,Santa Nella CDP,1965,606,27778,Y,4.560167916,39,5-022,5-022.07,SAN JOAQUIN VALLEY,San Joaquin River Exchange Contractors Water Authority GSA,399.1274938,1.132597349,0.248367466
672954,South Dos Palos,South Dos Palos CDP,2568,605,41992,Y,1.534711435,39,5-022,5-022.07,SAN JOAQUIN VALLEY,San Joaquin River Exchange Contractors Water Authority GSA,399.1274938,0.58191186,0.379166954
619654,Dos Palos Y,Dos Palos Y CDP,206,97,16656,Y,1.577740167,39,5-022,5-022.07,SAN JOAQUIN VALLEY,San Joaquin River Exchange Contractors Water Authority GSA,399.1274938,1.577740167,1
630882,Grayson,Grayson CDP,990,271,29787,Y,0.222960126,40,5-022,5-022.07,SAN JOAQUIN VALLEY,West Stanislaus Irrigation District GSA,33.78901524,0.18541718,0.831615871
684480,Westley,Westley CDP,707,152,23375,Y,0.361085688,40,5-022,5-022.07,SAN JOAQUIN VALLEY,West Stanislaus Irrigation District GSA,33.78901524,0.361085688,1
607750,Bowles,Bowles CDP,211,47,0,Data Not Available,0.380691826,29,5-022,5-022.08,SAN JOAQUIN VALLEY,Central Kings GSA,236.5566121,0.380682026,0.999974258
618674,Del Rey,Del Rey CDP,1531,403,25809,Y,1.217103024,29,5-022,5-022.08,SAN JOAQUIN VALLEY,Central Kings GSA,236.5566121,0.807549582,0.663501418
611614,Caruthers,Caruthers CDP,2972,727,44649,Y,2.022534763,29,5-022,5-022.08,SAN JOAQUIN VALLEY,Central Kings GSA,236.5566121,2.02251504,0.999990248
670882,Selma,Selma city,24228,6667,41086,Y,5.13791118,29,5-022,5-022.08,SAN JOAQUIN VALLEY,Central Kings GSA,236.5566121,5.13791118,1
648592,Monmouth,Monmouth CDP,155,59,27375,Y,0.308053385,29,5-022,5-022.08,SAN JOAQUIN VALLEY,Central Kings GSA,236.5566121,0.308053385,1
667126,San Joaquin,San Joaquin city,4011,992,24234,Y,1.197375512,24,5-022,5-022.08,SAN JOAQUIN VALLEY,James GSA,45.38193291,1.197375512,1
618450,Delft Colony,Delft Colony CDP,103,29,0,Data Not Available,0.065635584,26,5-022,5-022.08,SAN JOAQUIN VALLEY,Kings River East GSA,298.9436956,0.065635584,1
686734,Yettem,Yettem CDP,353,49,0,Data Not Available,0.153492407,26,5-022,5-022.08,SAN JOAQUIN VALLEY,Kings River East GSA,298.9436956,0.153492407,1
660242,Reedley,Reedley city,25273,7145,43907,Y,5.485712784,26,5-022,5-022.08,SAN JOAQUIN VALLEY,Kings River East GSA,298.9436956,5.457185488,0.99479971
619318,Dinuba,Dinuba city,23465,6102,38008,Y,6.469837098,26,5-022,5-022.08,SAN JOAQUIN VALLEY,Kings River East GSA,298.9436956,6.469837098,1
654008,Orange Cove,Orange Cove city,9566,2191,27782,Y,1.791794325,26,5-022,5-022.08,SAN JOAQUIN VALLEY,Kings River East GSA,298.9436956,1.791794325,1
617708,Cutler,Cutler CDP,5175,1154,29655,Y,0.806934875,26,5-022,5-022.08,SAN JOAQUIN VALLEY,Kings River East GSA,298.9436956,0.806934875,1
620942,East Orosi,East Orosi CDP,785,139,32313,Y,0.24797316,26,5-022,5-022.08,SAN JOAQUIN VALLEY,Kings River East GSA,298.9436956,0.24797316,1
642566,London,London CDP,2084,491,26012,Y,0.629297236,26,5-022,5-022.08,SAN JOAQUIN VALLEY,Kings River East GSA,298.9436956,0.629297236,1
648676,Monson,Monson CDP,294,49,46250,Y,0.500195525,26,5-022,5-022.08,SAN JOAQUIN VALLEY,Kings River East GSA,298.9436956,0.500195525,1
654372,Orosi,Orosi CDP,7711,1970,33293,Y,2.445685438,26,5-022,5-022.08,SAN JOAQUIN VALLEY,Kings River East GSA,298.9436956,2.445685438,1
671078,Seville,Seville CDP,586,114,23000,Y,0.636167234,26,5-022,5-022.08,SAN JOAQUIN VALLEY,Kings River East GSA,298.9436956,0.636167234,1
675672,Sultana,Sultana CDP,1099,257,25486,Y,0.443769889,26,5-022,5-022.08,SAN JOAQUIN VALLEY,Kings River East GSA,298.9436956,0.443769888,1
680280,Traver,Traver CDP,747,197,31094,Y,0.843428519,26,5-022,5-022.08,SAN JOAQUIN VALLEY,Kings River East GSA,298.9436956,0.843428519,1
659290,Raisin City,Raisin City CDP,215,69,0,Data Not Available,0.759525449,23,5-022,5-022.08,SAN JOAQUIN VALLEY,McMullin Area GSA,188.4105984,0.759525449,1
640116,Lanare,Lanare CDP,297,72,0,Data Not Available,2.018441423,25,5-022,5-022.08,SAN JOAQUIN VALLEY,North Fork Kings GSA,262.9735264,2.018441423,1
640746,Laton,Laton CDP,1877,573,27721,Y,1.93723156,25,5-022,5-022.08,SAN JOAQUIN VALLEY,North Fork Kings GSA,262.9735264,1.927601318,0.995028864
661096,Riverdale,Riverdale CDP,3964,970,49100,Y,3.92521847,25,5-022,5-022.08,SAN JOAQUIN VALLEY,North Fork Kings GSA,262.9735264,3.92521847,1
627014,Friant,Friant CDP,468,219,0,Data Not Available,1.301265993,27,5-022,5-022.08,SAN JOAQUIN VALLEY,North Kings GSA,485.5450742,1.105543125,0.849590423
625300,Fort Washington,Fort Washington CDP,737,179,0,Data Not Available,0.124001068,27,5-022,5-022.08,SAN JOAQUIN VALLEY,North Kings GSA,485.5450742,0.124001068,1
627000,Fresno,Fresno city,513807,164077,41842,Y,114.6717276,27,5-022,5-022.08,SAN JOAQUIN VALLEY,North Kings GSA,485.5450742,114.620922,0.999556948
638226,Kerman,Kerman city,14424,3801,42046,Y,3.267207047,27,5-022,5-022.08,SAN JOAQUIN VALLEY,North Kings GSA,485.5450742,3.267207047,1
606728,Biola,Biola CDP,1265,313,34911,Y,0.647028005,27,5-022,5-022.08,SAN JOAQUIN VALLEY,North Kings GSA,485.5450742,0.647028004,1
610032,Calwa,Calwa CDP,1378,384,35000,Y,0.624398026,27,5-022,5-022.08,SAN JOAQUIN VALLEY,North Kings GSA,485.5450742,0.624398026,1
645232,Malaga,Malaga CDP,1246,270,42250,Y,0.273923031,27,5-022,5-022.08,SAN JOAQUIN VALLEY,North Kings GSA,485.5450742,0.273923031,1
646400,Mayfair,Mayfair CDP,4605,1261,46328,Y,0.517545656,27,5-022,5-022.08,SAN JOAQUIN VALLEY,North Kings GSA,485.5450742,0.517545656,1
684680,West Park,West Park CDP,764,208,45526,Y,1.79165579,27,5-022,5-022.08,SAN JOAQUIN VALLEY,North Kings GSA,485.5450742,1.79165579,1
618674,Del Rey,Del Rey CDP,1531,403,25809,Y,1.217103024,28,5-022,5-022.08,SAN JOAQUIN VALLEY,South Kings GSA,14.6723293,0.409553442,0.336498582
655856,Parlier,Parlier city,14953,3714,30556,Y,2.317104296,28,5-022,5-022.08,SAN JOAQUIN VALLEY,South Kings GSA,14.6723293,2.198751214,0.948921987
625436,Fowler,Fowler city,6083,1772,47572,Y,2.516369336,28,5-022,5-022.08,SAN JOAQUIN VALLEY,South Kings GSA,14.6723293,2.434154531,0.967328006
667056,Sanger,Sanger city,24741,6710,42771,Y,5.765193195,28,5-022,5-022.08,SAN JOAQUIN VALLEY,South Kings GSA,14.6723293,5.695551947,0.987920397
636084,Huron,Huron city,6821,1689,25321,Y,1.591030189,22,5-022,5-022.09,SAN JOAQUIN VALLEY,County of Fresno GSA - Westside,15.8998263,0.907847579,0.570603616
603302,Avenal,Avenal city,13590,2120,35103,Y,19.42177055,21,5-022,5-022.09,SAN JOAQUIN VALLEY,Westlands Water District GSA,955.6387173,2.945365249,0.151652767
636084,Huron,Huron city,6821,1689,25321,Y,1.591030189,21,5-022,5-022.09,SAN JOAQUIN VALLEY,Westlands Water District GSA,955.6387173,0.68318261,0.429396384
641166,Lemoore Station,Lemoore Station CDP,6544,1618,42750,Y,4.205886465,21,5-022,5-022.09,SAN JOAQUIN VALLEY,Westlands Water District GSA,955.6387173,4.201892867,0.999050474
610816,Cantua Creek,Cantua Creek CDP,434,122,32368,Y,3.796494431,21,5-022,5-022.09,SAN JOAQUIN VALLEY,Westlands Water District GSA,955.6387173,3.796494431,1
678652,Three Rocks,Three Rocks CDP,258,54,35789,Y,0.749594795,21,5-022,5-022.09,SAN JOAQUIN VALLEY,Westlands Water District GSA,955.6387173,0.749594795,1
684863,Westside,Westside CDP,269,61,41563,Y,2.216533555,21,5-022,5-022.09,SAN JOAQUIN VALLEY,Westlands Water District GSA,955.6387173,2.216533555,1
622360,El Rancho,El Rancho CDP,76,15,0,Data Not Available,0.072010998,77,5-022,5-022.11,SAN JOAQUIN VALLEY,East Kaweah GSA,183.032892,0.072010998,1
636910,Ivanhoe,Ivanhoe CDP,4014,1083,31611,Y,2.01390298,77,5-022,5-022.11,SAN JOAQUIN VALLEY,East Kaweah GSA,183.032892,0.789473654,0.392011761
641656,Lindcove,Lindcove CDP,515,146,43500,Y,0.682386451,77,5-022,5-022.11,SAN JOAQUIN VALLEY,East Kaweah GSA,183.032892,0.682376043,0.999984746
641712,Lindsay,Lindsay city,13052,3524,30317,Y,2.732672934,77,5-022,5-022.11,SAN JOAQUIN VALLEY,East Kaweah GSA,183.032892,2.732672934,1
657568,Plainview,Plainview CDP,906,231,22083,Y,0.309114801,77,5-022,5-022.11,SAN JOAQUIN VALLEY,East Kaweah GSA,183.032892,0.309114801,1
675280,Strathmore,Strathmore CDP,3240,819,25288,Y,1.419441035,77,5-022,5-022.11,SAN JOAQUIN VALLEY,East Kaweah GSA,183.032892,1.419441035,1
678932,Tonyville,Tonyville CDP,816,146,48281,Y,0.050495385,77,5-022,5-022.11,SAN JOAQUIN VALLEY,East Kaweah GSA,183.032892,0.050495385,1
678949,Tooleville,Tooleville CDP,470,135,28527,Y,0.066767704,77,5-022,5-022.11,SAN JOAQUIN VALLEY,East Kaweah GSA,183.032892,0.066767704,1
636910,Ivanhoe,Ivanhoe CDP,4014,1083,31611,Y,2.01390298,75,5-022,5-022.11,SAN JOAQUIN VALLEY,Greater Kaweah GSA,342.8807822,1.224406848,0.607977077
686300,Woodlake,Woodlake city,7567,2093,34583,Y,2.847242937,75,5-022,5-022.11,SAN JOAQUIN VALLEY,Greater Kaweah GSA,342.8807822,2.791872298,0.980552893
623126,Exeter,Exeter city,10504,3418,42590,Y,2.463032397,75,5-022,5-022.11,SAN JOAQUIN VALLEY,Greater Kaweah GSA,342.8807822,2.435852651,0.988964925
630476,Goshen,Goshen CDP,3739,950,39360,Y,1.777909754,75,5-022,5-022.11,SAN JOAQUIN VALLEY,Greater Kaweah GSA,342.8807822,1.770720709,0.995956463
656120,Patterson Tract,Patterson Tract CDP,1915,571,39006,Y,1.445772437,75,5-022,5-022.11,SAN JOAQUIN VALLEY,Greater Kaweah GSA,342.8807822,1.444600893,0.999189676
641110,Lemon Cove,Lemon Cove CDP,257,114,48333,Y,0.833596805,75,5-022,5-022.11,SAN JOAQUIN VALLEY,Greater Kaweah GSA,342.8807822,0.833360632,0.999716682
623616,Farmersville,Farmersville city,10699,2631,33689,Y,2.258414243,75,5-022,5-022.11,SAN JOAQUIN VALLEY,Greater Kaweah GSA,342.8807822,2.258414243,1
641740,Linnell Camp,Linnell Camp CDP,818,201,20565,Y,0.117130657,75,5-022,5-022.11,SAN JOAQUIN VALLEY,Greater Kaweah GSA,342.8807822,0.117130657,1
684345,West Goshen,West Goshen CDP,580,141,25335,Y,1.17756848,75,5-022,5-022.11,SAN JOAQUIN VALLEY,Greater Kaweah GSA,342.8807822,1.17756848,1
683724,Waukena,Waukena CDP,175,51,0,Data Not Available,0.942346499,76,5-022,5-022.11,SAN JOAQUIN VALLEY,Mid-Kaweah GSA,162.6848518,0.942346499,1
680644,Tulare,Tulare city,61664,18540,47196,Y,20.45116291,76,5-022,5-022.11,SAN JOAQUIN VALLEY,Mid-Kaweah GSA,162.6848518,20.21699767,0.988550028
646223,Matheny,Matheny CDP,1001,278,30776,Y,0.428406532,76,5-022,5-022.11,SAN JOAQUIN VALLEY,Mid-Kaweah GSA,162.6848518,0.427381997,0.997608497
616224,Corcoran,Corcoran city,22917,3826,35531,Y,7.504429399,69,5-022,5-022.12,SAN JOAQUIN VALLEY,El Rico GSA,357.4651309,7.493798271,0.998583353
632156,Hardwick,Hardwick CDP,154,41,0,Data Not Available,0.138750326,70,5-022,5-022.12,SAN JOAQUIN VALLEY,Mid-Kings River GSA,152.1242494,0.138750326,1
602700,Armona,Armona CDP,3655,1026,44038,Y,1.904224488,70,5-022,5-022.12,SAN JOAQUIN VALLEY,Mid-Kings River GSA,152.1242494,1.904224488,1
634281,Home Garden,Home Garden CDP,1778,426,33125,Y,0.444437073,70,5-022,5-022.12,SAN JOAQUIN VALLEY,Mid-Kings River GSA,152.1242494,0.444437073,1
641152,Lemoore,Lemoore city,25169,8476,50871,Y,8.516598538,71,5-022,5-022.12,SAN JOAQUIN VALLEY,South Fork Kings GSA,111.4220526,8.516598538,1
675252,Stratford,Stratford CDP,1041,290,24167,Y,0.682895698,71,5-022,5-022.12,SAN JOAQUIN VALLEY,South Fork Kings GSA,111.4220526,0.682895698,1
601164,Alpaugh,Alpaugh CDP,1124,254,38750,Y,1.005051981,97,5-022,5-022.13,SAN JOAQUIN VALLEY,Alpaugh GSA,22.66085546,1.005051981,1
662496,Rodriguez Camp,Rodriguez Camp CDP,111,24,0,Data Not Available,0.263363798,96,5-022,5-022.13,SAN JOAQUIN VALLEY,Delano-Earlimart Irrigation District GSA,101.2257184,0.263363798,1
660606,Richgrove,Richgrove CDP,3096,662,30116,Y,0.451993081,96,5-022,5-022.13,SAN JOAQUIN VALLEY,Delano-Earlimart Irrigation District GSA,101.2257184,0.324588121,0.718126305
620438,Earlimart,Earlimart CDP,8677,1978,23561,Y,2.10486371,96,5-022,5-022.13,SAN JOAQUIN VALLEY,Delano-Earlimart Irrigation District GSA,101.2257184,2.104853691,0.99999524
658191,Poplar-Cotton Center,Poplar-Cotton Center CDP,3009,728,21890,Y,1.28335922,98,5-022,5-022.13,SAN JOAQUIN VALLEY,Eastern Tule GSA,251.3395795,0.170354393,0.132741006
660606,Richgrove,Richgrove CDP,3096,662,30116,Y,0.451993081,98,5-022,5-022.13,SAN JOAQUIN VALLEY,Eastern Tule GSA,251.3395795,0.122983688,0.27209197
621012,East Porterville,East Porterville CDP,6460,1540,32715,Y,2.998356998,98,5-022,5-022.13,SAN JOAQUIN VALLEY,Eastern Tule GSA,251.3395795,2.86823771,0.956603137
658240,Porterville,Porterville city,58472,16799,39763,Y,18.61675504,98,5-022,5-022.13,SAN JOAQUIN VALLEY,Eastern Tule GSA,251.3395795,18.22476456,0.97894421
620032,Ducor,Ducor CDP,741,185,30288,Y,0.610243671,98,5-022,5-022.13,SAN JOAQUIN VALLEY,Eastern Tule GSA,251.3395795,0.610243671,1
678288,Terra Bella,Terra Bella CDP,3201,724,32700,Y,2.720768781,98,5-022,5-022.13,SAN JOAQUIN VALLEY,Eastern Tule GSA,251.3395795,2.720768781,1
658191,Poplar-Cotton Center,Poplar-Cotton Center CDP,3009,728,21890,Y,1.28335922,99,5-022,5-022.13,SAN JOAQUIN VALLEY,Lower Tule River Irrigation District GSA,163.9192866,1.112983242,0.867242176
678750,Tipton,Tipton CDP,2993,706,32895,Y,1.009714776,99,5-022,5-022.13,SAN JOAQUIN VALLEY,Lower Tule River Irrigation District GSA,163.9192866,1.009714776,1
686482,Woodville,Woodville CDP,1748,449,31375,Y,4.351500541,99,5-022,5-022.13,SAN JOAQUIN VALLEY,Lower Tule River Irrigation District GSA,163.9192866,4.351500541,1
657512,Pixley,Pixley CDP,3840,802,32845,Y,3.114453454,100,5-022,5-022.13,SAN JOAQUIN VALLEY,Pixley Irrigation District GSA,109.1976165,3.114453454,1
678336,Teviston,Teviston CDP,1241,278,25429,Y,2.171024764,100,5-022,5-022.13,SAN JOAQUIN VALLEY,Pixley Irrigation District GSA,109.1976165,2.171024764,1
601010,Allensworth,Allensworth CDP,561,130,29091,Y,3.102350824,102,5-022,5-022.13,SAN JOAQUIN VALLEY,Tri-County Water Authority GSA - Tule,94.96881986,3.102350824,1
609332,Buttonwillow,Buttonwillow CDP,1324,354,34352,Y,6.927077254,86,5-022,5-022.14,SAN JOAQUIN VALLEY,Buena Vista Water Storage District GSA,79.76881109,1.536822886,0.221857333
644826,McFarland,McFarland city,13391,2925,33687,Y,2.668054165,83,5-022,5-022.14,SAN JOAQUIN VALLEY,City of McFarland GSA,2.666456536,2.59558068,0.972836577
630987,Greenfield,Greenfield CDP,4582,1367,46206,Y,1.44686338,87,5-022,5-022.14,SAN JOAQUIN VALLEY,Greenfield County Water District GSA,3.440350644,1.273197085,0.879970495
640088,Lamont,Lamont CDP,15439,3664,34421,Y,4.625789491,88,5-022,5-022.14,SAN JOAQUIN VALLEY,Kern Groundwater Authority GSA,1592.495818,1.725622745,0.373043942
644280,Lost Hills,Lost Hills CDP,2013,479,30583,Y,5.562639057,88,5-022,5-022.14,SAN JOAQUIN VALLEY,Kern Groundwater Authority GSA,1592.495818,4.650360359,0.835998941
671106,Shafter,Shafter city,17801,4476,41085,Y,27.94450938,88,5-022,5-022.14,SAN JOAQUIN VALLEY,Kern Groundwater Authority GSA,1592.495818,27.76145436,0.993449338
683542,Wasco,Wasco city,26061,5254,39559,Y,9.425850557,88,5-022,5-022.14,SAN JOAQUIN VALLEY,Kern Groundwater Authority GSA,1592.495818,9.380760991,0.995216393
618394,Delano,Delano city,52538,11046,36265,Y,14.35512281,88,5-022,5-022.14,SAN JOAQUIN VALLEY,Kern Groundwater Authority GSA,1592.495818,14.32423035,0.997847984
602924,Arvin,Arvin city,20562,4649,36524,Y,4.819346315,88,5-022,5-022.14,SAN JOAQUIN VALLEY,Kern Groundwater Authority GSA,1592.495818,4.819346315,1
621558,Edmundson Acres,Edmundson Acres CDP,333,70,45000,Y,0.066498009,88,5-022,5-022.14,SAN JOAQUIN VALLEY,Kern Groundwater Authority GSA,1592.495818,0.066498009,1
647164,Mettler,Mettler CDP,124,47,38036,Y,0.232543738,88,5-022,5-022.14,SAN JOAQUIN VALLEY,Kern Groundwater Authority GSA,1592.495818,0.232543738,1
647192,Mexican Colony,Mexican Colony CDP,368,89,22639,Y,0.031780499,88,5-022,5-022.14,SAN JOAQUIN VALLEY,Kern Groundwater Authority GSA,1592.495818,0.031780499,1
672338,Smith Corner,Smith Corner CDP,744,124,40921,Y,0.219552274,88,5-022,5-022.14,SAN JOAQUIN VALLEY,Kern Groundwater Authority GSA,1592.495818,0.219552274,1
630987,Greenfield,Greenfield CDP,4582,1367,46206,Y,1.44686338,89,5-022,5-022.14,SAN JOAQUIN VALLEY,Kern River GSA,356.5373638,0.173662615,0.120026961
640088,Lamont,Lamont CDP,15439,3664,34421,Y,4.625789491,89,5-022,5-022.14,SAN JOAQUIN VALLEY,Kern River GSA,356.5373638,2.89736243,0.626349823
653448,Oildale,Oildale CDP,34277,12675,36866,Y,6.532564602,89,5-022,5-022.14,SAN JOAQUIN VALLEY,Kern River GSA,356.5373638,6.40458152,0.980408447
683863,Weedpatch,Weedpatch CDP,2394,627,28451,Y,3.561244228,89,5-022,5-022.14,SAN JOAQUIN VALLEY,Kern River GSA,356.5373638,3.502901677,0.983617369
627190,Fuller Acres,Fuller Acres CDP,853,226,32763,Y,0.754339171,89,5-022,5-022.14,SAN JOAQUIN VALLEY,Kern River GSA,356.5373638,0.75100329,0.995577744
644280,Lost Hills,Lost Hills CDP,2013,479,30583,Y,5.562639057,85,5-022,5-022.14,SAN JOAQUIN VALLEY,Semitropic Water Storage District GSA,350.3157266,0.910587369,0.163697008
609332,Buttonwillow,Buttonwillow CDP,1324,354,34352,Y,6.927077254,85,5-022,5-022.14,SAN JOAQUIN VALLEY,Semitropic Water Storage District GSA,350.3157266,5.284672494,0.762900759
645736,Maricopa,Maricopa city,1115,393,33295,Y,1.501782725,91,5-022,5-022.14,SAN JOAQUIN VALLEY,West Kern Water District GSA,250.7771912,1.061380553,0.706747078
644924,McKittrick,McKittrick CDP,121,38,43125,Y,2.61711278,91,5-022,5-022.14,SAN JOAQUIN VALLEY,West Kern Water District GSA,250.7771912,2.361074156,0.902167524
680784,Tupman,Tupman CDP,216,62,35833,Y,0.527905099,91,5-022,5-022.14,SAN JOAQUIN VALLEY,West Kern Water District GSA,250.7771912,0.519968269,0.984965423
677574,Taft,Taft city,9128,2428,49844,Y,15.26353229,91,5-022,5-022.14,SAN JOAQUIN VALLEY,West Kern Water District GSA,250.7771912,15.25380643,0.999362804
624764,Ford City,Ford City CDP,4735,1345,32441,Y,1.534638441,91,5-022,5-022.14,SAN JOAQUIN VALLEY,West Kern Water District GSA,250.7771912,1.534638441,1
673388,South Taft,South Taft CDP,1423,416,40625,Y,1.076137589,91,5-022,5-022.14,SAN JOAQUIN VALLEY,West Kern Water District GSA,250.7771912,1.076137589,1
677588,Taft Heights,Taft Heights CDP,2827,903,43945,Y,0.295872379,91,5-022,5-022.14,SAN JOAQUIN VALLEY,West Kern Water District GSA,250.7771912,0.295872379,1
681722,Valley Acres,Valley Acres CDP,456,181,44583,Y,4.12250713,91,5-022,5-022.14,SAN JOAQUIN VALLEY,West Kern Water District GSA,250.7771912,4.12250713,1
656294,Pearsonville,Pearsonville CDP,27,12,0,Data Not Available,4.221874216,61,6-054,6-054,INDIAN WELLS VALLEY,Indian Wells Valley Groundwater Authority GSA,596.3119089,4.221874216,1
613157,China Lake Acres,China Lake Acres CDP,2090,823,38229,Y,5.210781238,61,6-054,6-054,INDIAN WELLS VALLEY,Indian Wells Valley Groundwater Authority GSA,596.3119089,5.210781238,1
607596,Borrego Springs,Borrego Springs CDP,2328,1111,34046,Y,43.40863844,30,7-024,7-024.01,BORREGO VALLEY,Borrego Valley GSA - Borrego Springs,98.0237615,41.29186472,0.951236118